hub_id,hub_name,zone_clean,delivery_records,bad_outcomes,avg_completion_hours,avg_cost_per_km,avg_rating,avg_manual_overrides,bad_outcome_rate
H05,Central Core,Central,115,48.0,11.553299867109054,1.4775643511722252,3.6695575221238936,0.9478260869565217,0.41739130434782606
H06,Airport Hub,Airport,104,42.0,9.917423412002924,1.2392346835110302,3.882135922330097,0.9134615384615384,0.40384615384615385
H08,Midtown Relay,Central,128,48.0,10.560490482591808,1.18176230096203,3.88456,1.109375,0.375
H04,West Gate,West,127,44.0,11.102634852636493,1.355406204080141,3.9154761904761908,0.8740157480314961,0.3464566929133858
H02,South Link,South,106,36.0,9.478948110773196,1.1680675909693978,3.950952380952381,0.9150943396226415,0.33962264150943394
H07,Riverside Hub,Riverside,115,39.0,10.535888199840535,1.2220846086674166,3.881858407079646,1.0521739130434782,0.3391304347826087
H01,North Exchange,North,136,43.0,10.684968139670433,1.371519062523634,3.840592592592593,1.0294117647058822,0.3161764705882353
H03,East Dock,East,119,34.0,8.437892728541017,1.054578501228204,3.8958620689655175,0.8907563025210085,0.2857142857142857
