hub_name,hub_zone,delivery_records,bad_outcomes,avg_cost_per_km,avg_rating,avg_manual_overrides,bad_outcome_pct
Central Core,Central,115,48,1.4775643511722252,3.669557522123894,0.9478260869565217,41.7
Airport Hub,Airport,104,42,1.2392346835110302,3.882135922330097,0.9134615384615384,40.4
Midtown Relay,Central,128,48,1.18176230096203,3.88456,1.109375,37.5
West Gate,West,127,44,1.355406204080141,3.9154761904761908,0.8740157480314961,34.6
South Link,South,106,36,1.1680675909693978,3.950952380952381,0.9150943396226415,34.0
Riverside Hub,Riverside,115,39,1.2220846086674166,3.881858407079646,1.0521739130434782,33.9
North Exchange,North,136,43,1.371519062523634,3.840592592592593,1.0294117647058822,31.6
East Dock,East,119,34,1.054578501228204,3.8958620689655175,0.8907563025210085,28.6
