"hub_id","hub_name","zone_clean","delivery_records","bad_outcomes","avg_completion_hours","avg_cost_per_km","avg_rating","avg_manual_overrides","bad_outcome_rate","bad_outcome_pct"
"H05","Central Core","Central",115,48,11.5532998671091,1.47756435117223,3.66955752212389,0.947826086956522,0.417391304347826,41.7
"H06","Airport Hub","Airport",104,42,9.91742341200292,1.23923468351103,3.8821359223301,0.913461538461538,0.403846153846154,40.4
"H08","Midtown Relay","Central",128,48,10.5604904825918,1.18176230096203,3.88456,1.109375,0.375,37.5
"H04","West Gate","West",127,44,11.1026348526365,1.35540620408014,3.91547619047619,0.874015748031496,0.346456692913386,34.6
"H02","South Link","South",106,36,9.4789481107732,1.1680675909694,3.95095238095238,0.915094339622642,0.339622641509434,34
"H07","Riverside Hub","Riverside",115,39,10.5358881998405,1.22208460866742,3.88185840707965,1.05217391304348,0.339130434782609,33.9
"H01","North Exchange","North",136,43,10.6849681396704,1.37151906252363,3.84059259259259,1.02941176470588,0.316176470588235,31.6
"H03","East Dock","East",119,34,8.43789272854102,1.0545785012282,3.89586206896552,0.890756302521008,0.285714285714286,28.6
